Monthly Ad Spend,Number of Website Visits,Average Customer Rating,Competition,Income,Season,Special Events,Monthly Revenue
11427.456574619173,4796,3.729306316250236,248,81.75125367581806,Spring,0,29810.34309416415
12452.504145361234,8699,3.685710184502481,381,64.30874336877064,Winter,1,64689.09850666727
11352.78047694104,4571,2.6896299790746583,300,107.71993412344106,Fall,0,46170.0135040028
9049.44118743919,4001,1.4991857915772029,173,99.67337148761304,Fall,1,36450.12996739641
9314.157013991158,3161,4.589733306917038,408,71.24310744506604,Winter,1,32959.89425632348
17943.687014859515,5385,2.67556970607366,373,50.38768911843131,Spring,0,44183.334315888496
8285.388857689777,1417,3.014111279129608,112,61.83530946425063,Summer,0,23167.694566898277
16042.775723570629,4882,3.4833662497699063,210,85.35237385256946,Winter,1,34181.118860172064
11049.003475305186,4364,4.331953904222571,348,168.89906709004583,Spring,0,70512.95490999978
11792.846660784711,1735,3.258388438562886,294,127.21436744674048,Spring,1,44393.64685533506
18586.33612756056,4865,1.363877357182254,352,118.32915969360182,Fall,0,58943.56280287234
2655.456694329273,6042,1.9833972076513349,293,104.34973643302722,Spring,1,65889.6277289952
1384.1495513661887,6223,3.842021314520794,161,180.2189843808164,Fall,0,43531.76288325825
16819.777065410824,2317,3.020453754470955,104,128.23518086989162,Winter,1,25011.2903085994
15784.97826804716,5953,2.9150905472708324,329,98.90703187745372,Fall,1,49612.80114043757
17530.230816689564,5296,1.9757632754675656,384,88.83225263611713,Winter,1,53595.170886426415
19593.74850242252,6058,3.888603062800416,324,183.5742571461904,Winter,1,76972.54450930397
16184.01272011775,5845,1.451153059323949,296,126.0917108231282,Spring,0,62826.16394612887
9768.107882805703,2280,4.961813237445941,143,72.79130594884238,Summer,0,34123.37680457181
15830.054349442653,4917,4.381494148428816,400,118.30970635918608,Fall,1,48107.01828131042
3247.214091509731,3484,3.1380357600231683,295,72.46105189920554,Summer,1,23755.79958792537
13158.499405222952,4899,2.698211824232038,495,70.91371244464717,Winter,0,38068.58911979995
3723.7124607718815,3205,2.1458585298394706,394,51.954029825326266,Fall,1,40828.09521232587
10915.11811325136,3282,4.517669848096672,375,162.77741331318785,Fall,1,83187.84966546767
8878.576859819948,3202,2.1000256028027344,160,85.01403540034363,Fall,1,41263.499792357805
9666.856312114422,4150,2.348596454659806,290,32.77154390927228,Winter,1,13636.642371216109
11800.24502850432,3340,1.7610420356933298,339,86.58126234401513,Fall,0,11701.488736078983
12735.074444441663,6571,3.2859897858498224,184,122.38678816827748,Fall,0,27033.522778066035
12629.818731726007,4885,3.931260496146782,360,182.12777074609272,Fall,0,80322.6925494076
12721.745940620382,4217,1.3929996538081468,298,36.88784514459843,Winter,1,28763.546670572767
18931.21349177786,6881,2.464470200297263,317,173.2711304087395,Spring,0,59002.23514385365
13954.585682966184,5810,4.570559212189286,80,124.71172698627493,Summer,0,36299.15401679116
7830.650110901935,5996,1.3377533056957915,282,129.90337752176734,Summer,0,39994.37161361005
9303.607122187488,4947,1.6619329133584526,210,192.68415824075987,Summer,0,46543.2268902373
14254.992722618032,1623,3.5016704414046744,207,51.80812809449392,Spring,1,11361.945508846704
2144.283960956127,4775,3.4911559764169007,392,77.02940604608119,Summer,0,43834.2938024286
13668.567593467686,3935,4.352908177815719,190,69.10880764814203,Summer,1,24390.573287537376
4997.268660402977,7023,1.567945901701055,266,128.57107620207378,Spring,1,48627.775004553965
3449.5996554422127,3684,2.037495274107998,345,153.73670567344394,Spring,0,64480.87693372319
6993.138667559493,5936,2.7098456227730234,211,39.01666509764901,Spring,1,25360.871305548186
7910.504647909829,8471,1.0036131420849983,423,102.44200142827265,Fall,0,70540.69099793947
11833.738637939714,3664,1.2792572118387795,444,187.1266368844005,Summer,0,92322.2611275936
9333.428755784087,8363,1.9059651117640863,211,108.64077161568076,Winter,0,27404.126126858828
19779.102923125294,3294,2.924407856063247,275,168.99586226007648,Summer,1,63963.98444903281
2938.851404212533,5045,2.0060909526744517,222,49.036567153426745,Spring,1,32528.900619441243
13409.05818384257,3324,4.698491248570514,373,135.6302203056301,Fall,1,61050.94525896663
5812.54044825586,3817,4.89914904293884,501,105.33595263485176,Spring,1,73168.6304204192
9859.90468426982,3664,2.799446135630315,210,143.71538004198544,Winter,0,37232.5784531803
5644.086248030452,5653,1.9085152675972945,433,161.06461156784164,Fall,0,60715.22780429393
3097.127682121797,9451,4.105334726637785,319,104.86036907723954,Winter,0,67964.20816651218
13470.262199840196,7741,2.093398831170364,360,139.24364876970105,Summer,0,74703.43660091999
3625.4760756236624,3980,2.5223314716811385,387,94.84824763142272,Spring,1,58908.50896861752
4735.064871921017,5649,2.914303433927399,497,187.5984770252355,Fall,1,112124.81477889592
16598.87136711077,5061,4.9844017612049525,293,99.78890841789202,Fall,0,44487.18772661196
2844.924240068164,4860,1.9288390206543693,213,189.71011382103976,Spring,0,49886.146475089045
16920.953242477273,5103,2.4136948129926754,330,30.33341792437503,Winter,1,23752.30857922243
2825.8697499852983,6734,2.051564708042044,402,86.43508540919382,Summer,0,46420.884024320985
19552.72983525452,3303,2.4444537465748413,324,172.49494682193486,Summer,1,78739.25910462231
9904.37283130633,4348,1.4032180675784822,222,106.74621937713238,Summer,1,18452.096818409744
19558.460675616407,5940,2.4392390689641887,308,89.22568550851906,Summer,1,35926.491765908075
12492.064875155873,5622,4.551460125857554,287,129.9287903999185,Winter,1,72717.40266919378
15046.008008567733,5479,2.194359391385796,326,98.79488888963888,Fall,0,38354.15821453154
1744.5680528320927,4260,2.4877391193962755,133,86.01561472789564,Fall,1,16259.228139361552
6373.332288951782,6945,4.7778966577517386,355,75.21546185757555,Summer,1,49015.56810936984
6626.663752920754,5812,3.0669548592721934,344,187.107545013658,Spring,0,82315.99082420614
3255.8266601306373,4613,4.108770913613762,299,193.1443983464043,Summer,0,59284.41900348228
7041.680408485545,6511,1.4927185954180158,119,46.80120143001112,Spring,0,35427.1573929269
8870.99689577873,3921,2.857961412883369,298,155.02036008775485,Winter,0,44230.27649597655
2218.8024306269026,3500,1.4729445149434652,406,141.81965689699103,Summer,0,65323.19948620388
14156.970268030376,5065,1.93447258007832,213,137.26467311870687,Winter,1,47567.90462898927
11765.427629924929,-165,1.5674690389610344,101,35.58336876963024,Fall,0,7883.580429829562
6042.400327849463,2692,2.447204956676557,145,76.48716565500901,Summer,0,18617.898372184587
10941.713015867294,4304,2.5265572815837034,331,156.8374879157468,Spring,0,63537.05793859247
2784.869704410392,2293,4.789234327332963,337,114.2871609278176,Fall,0,47329.22738772838
11942.983415567409,2934,2.056502924750117,388,34.06101868379968,Winter,1,39794.162524538886
18656.62775394807,4126,2.8897153812660674,294,119.50764433576242,Fall,0,45955.80664755956
7052.810096575149,1714,4.245517615853947,149,174.12682975056435,Winter,0,43606.58780319738
13680.797219309952,4187,4.262470345746647,218,179.3314431597289,Summer,0,45092.116534223744
3504.159385683451,3929,4.001372748140081,381,182.7664123360443,Spring,1,86644.39590469598
14610.216878252746,5050,2.151335048560292,314,119.64650542220652,Winter,0,49249.14473410812
6498.715765996821,7308,2.979886477645428,364,109.38449024867836,Winter,1,72741.4869130883
4480.635878135219,5345,1.744846380746893,343,71.5385868053333,Spring,1,36330.59457569676
12143.74576139158,5042,1.753598091131217,279,177.23318729329898,Spring,0,54975.61926879283
16749.860555129897,5454,3.954368884971765,485,176.80772690437755,Fall,1,106239.57559200564
1089.2140476583943,2966,3.1063370399913515,341,68.41064416774444,Summer,0,11397.321648769675
13878.514199128373,4770,4.54673288338981,287,46.64349846799255,Winter,0,19582.534764417407
14968.686420329304,2258,1.1264217712816222,322,185.23570009747192,Spring,0,63491.01378121368
5726.309726879203,7162,3.4366450574225724,365,119.8673501039001,Winter,1,72500.99748014261
11946.9893539389,3737,4.846300577200326,482,139.1578872391135,Fall,1,90397.10461429124
12248.79669416494,4517,1.092946506835447,221,49.05380278453451,Spring,1,43973.03107571235
11872.786210026594,3243,3.124415083874516,445,76.79892351639614,Winter,0,50692.01338653691
19102.231218822715,2877,1.2146516251663564,329,179.7307106035948,Summer,1,72605.53289144656
9495.38219373492,4555,3.349954098926893,407,112.30375379241237,Summer,0,66383.39429076471
17081.76477695143,3282,4.0904165745312095,227,130.76040149249826,Fall,0,50807.80489486403
14290.10623103258,5101,4.099461796900751,424,39.44119401386337,Summer,1,27712.794791469023
6651.302066247539,1411,1.121153640623627,178,193.99117878196225,Fall,0,45503.981097003445
16462.158574347068,7652,2.6277856010863574,212,113.71262786874615,Spring,1,65533.28646162952
8533.609076092707,3070,1.178038508594482,240,57.24597287971002,Spring,0,19749.54382928389
17740.960745112072,5119,1.991354587963079,366,87.62506530019587,Spring,1,50300.27914871206
12044.184580081315,4574,1.771522811031793,265,117.26224778400342,Spring,0,33341.602576349535
17752.9718752422,3475,1.860730316968629,148,53.54743253963242,Fall,0,7004.658766590923
14158.100211477553,3224,2.3564736561381143,278,63.42996016917432,Spring,0,27261.252354574142
14779.83131657317,6872,2.109672167343993,221,185.70247380333055,Spring,0,65513.83411727631
10525.163256607342,3948,4.8491196453103935,373,178.33394032923806,Winter,1,81802.50881775879
13235.81378536311,3397,4.576690061171888,307,77.4296439184364,Fall,0,44881.40753966301
9053.245922605414,3705,1.7241666860837004,259,138.04933808949474,Spring,0,41680.13739487238
12521.471068430565,5944,4.0549874687528575,343,74.15812011433142,Fall,0,49306.23443034373
1364.6707678773369,6860,1.245382144098571,281,30.354259389808576,Fall,1,27269.753876509487
6729.921516816437,4649,2.851044917877365,332,149.2064763258796,Fall,0,62951.59049434179
13543.297212361016,2156,1.0220417609421035,40,62.82335753978083,Winter,1,24262.72623578272
6511.4745369984375,8995,4.241163052277744,309,85.24244236532209,Fall,1,78283.49143537194
12742.29315097799,3286,4.801944144151136,341,78.26919403677948,Summer,0,24738.700304230937
9146.605317969555,1916,1.1404294833085826,280,55.90276364344067,Winter,1,22779.221375642504
3574.007220226554,10188,4.735385445893257,366,53.066467843806656,Winter,1,61315.013748402525
6667.364193164584,4191,4.095415565965412,373,54.635294194937885,Spring,0,30747.337541665915
11829.333303324032,2076,2.4354463151711814,430,194.4735865022474,Spring,0,86508.93154546185
12226.582463715293,3633,4.635506204891221,310,153.56465016393935,Fall,1,81794.76867137858
11912.179728141997,5735,2.185029085003604,108,189.8128143230078,Summer,1,39142.0572939222
13410.81557728554,5380,2.637181248939048,71,127.16178815506083,Summer,1,35969.18968645748
13389.962130032089,3296,1.3868450487680866,139,86.27148905736006,Summer,0,17546.72112805765
9196.950273245506,8645,3.627755847600576,296,57.86756452518371,Fall,0,22920.026169919867
18034.3853211702,3956,1.1184033149690875,284,112.17057022783185,Winter,0,36677.55103569346
17946.54374529777,7658,4.284950403796444,226,119.83471219975372,Winter,0,39602.31155720732
2904.310858933721,7060,3.8763080942201182,274,55.145722388132825,Spring,1,28297.85141646387
18470.1696611488,905,3.2382821364791368,296,119.9153818362127,Summer,1,59461.867760418645
14570.584691433118,2546,3.338578391151456,340,37.21976361009747,Winter,1,35979.85597411895
19978.093124789462,6934,1.3650828834271125,350,92.76076049686898,Winter,1,48098.91077986714
17494.39508999607,4472,2.526088828283329,228,53.58044637811084,Fall,0,32466.621693020497
4087.3657588511214,5705,4.470323405366588,176,119.22959866182836,Summer,0,41692.51420457033
12695.63172139304,4694,2.252395526943961,249,121.60265870379313,Spring,0,43852.78302698602
3352.5796741393888,2402,3.3063803094540987,381,184.5903691189274,Summer,1,65926.16012264907
17112.156357122454,7552,2.7062855988047776,354,109.32699352898646,Spring,1,59133.843059680046
16339.060215775204,7650,4.505047753001252,190,43.31965032238273,Summer,0,28323.588998578176
11812.914033677273,5410,2.015666667956756,351,54.80933996523122,Summer,1,31830.76234064737
8736.482647293993,5090,1.3152094412378417,308,76.85346882208627,Summer,1,37040.442465951644
2314.172913647623,9679,3.9946228839325584,250,165.82218298500715,Summer,0,71938.94856526592
14251.146689746707,4447,2.651586467633286,159,73.3684158564552,Fall,0,18936.69312757087
9617.310970883307,4480,3.356393436505166,282,133.6029796028043,Summer,1,38511.57926233715
14719.05638993661,5728,1.1055573268534045,367,43.3248872493296,Spring,0,22939.458952574583
17461.264192643954,7942,4.808439165589608,83,64.3647213296972,Spring,1,26551.937146539945
19534.90859505483,8185,4.510473509539906,260,135.25428038827368,Spring,0,55404.418410979386
17260.26350545961,4482,3.49547160230911,525,46.68358815103498,Summer,0,25563.76558901259
1222.5675995150375,5616,1.0681193684504722,367,151.64224032982958,Fall,0,64907.56881639122
7839.583225088914,2243,2.5119058959315064,325,106.34703443719782,Winter,1,38184.06717067779
14869.820686057104,4376,4.915186150968596,226,77.52779273559315,Winter,0,39727.43013080892
4260.96386796737,3319,3.7253214349609385,232,178.5630428849913,Spring,1,55067.607255097886
10899.695517878456,2986,1.6439514452536763,291,144.43688497611916,Fall,0,55667.75519793156
2032.421778445819,8363,2.8423869946180025,460,40.91134500020011,Winter,1,46257.34603808123
4799.933973031601,3415,4.866950975373944,346,143.93359844167236,Spring,1,53892.266117660256
1351.9140947516655,3936,3.1388326976663734,212,63.724470220478,Fall,0,24164.420780361437
16080.256363790992,5731,1.0984581121192982,417,186.44401513582764,Spring,1,112810.46870159512
7561.681933241151,5962,2.0848661237246398,469,134.83722457170535,Summer,1,92104.07608826755
18633.544575846227,10518,1.3953838075076177,243,71.20910570668748,Fall,0,41653.337355904405
14383.873636547123,4850,2.611633778927572,199,190.16830194767675,Spring,0,35767.67779989556
1604.939661094849,5517,3.2340923897289797,317,85.15942323960311,Spring,1,52078.038443735386
4129.188973460343,5551,1.0681628721912109,398,130.23821572431456,Summer,0,74245.97615925719
12808.089628495509,7870,3.23618723454379,403,52.01659396865279,Spring,1,44969.37077125157
11967.343183479185,6014,3.0448125873585496,315,111.49324947894976,Winter,1,58863.20467897097
5519.963606115663,4767,4.17563353239504,201,133.50216916588516,Winter,0,59043.49282799577
18750.065960571083,3105,2.6941992672615886,249,161.01835214739546,Winter,1,48881.09476983006
12665.353163352023,5488,3.213801718679545,98,124.70147395073307,Fall,1,50323.96723921916
11177.023257474208,7802,3.968037216228505,208,149.61180485348615,Summer,1,72668.02687498773
12208.289550736848,4179,4.5885834871277815,282,176.04385580405778,Winter,0,49948.43250209678
14872.318560818623,6057,2.52013830409475,338,80.75464663262102,Winter,1,48908.23468817568
6926.954914112435,5492,3.406533983132586,266,87.82837876818978,Spring,1,43768.55376570599
8566.200182105746,6727,3.778443613665527,294,35.02755469660632,Spring,1,45892.95895505836
4987.031230527321,3390,1.1730827057687847,260,124.22450818712132,Winter,0,52191.5960615894
4537.667111726387,9693,4.20304203394454,375,195.16025781891287,Fall,0,112102.61626918284
18943.07540969474,2441,2.509720740861576,210,155.13745888114732,Fall,1,29724.507499051942
15051.465105936464,4268,3.68095576577444,383,198.7395384845399,Fall,0,102858.3293975282
10318.717363733776,6876,2.886656264819796,496,107.2398529807444,Fall,0,76024.72422812479
5832.773153637466,6659,3.897323916943116,247,57.40540628456908,Spring,1,49816.92382734797
2102.5540461536366,4007,1.7662840539458693,246,101.74109896348727,Winter,0,23842.800342554063
9253.915885604294,4850,3.648696937145802,420,139.41435836196695,Fall,1,85095.01185944297
6924.121757887949,5024,4.405293751528349,187,106.55304986731213,Summer,0,28864.10131473345
14230.52628749373,8138,1.9422688020198997,204,35.052771300727656,Summer,0,24022.16415509804
4412.469873633061,6593,3.5353004526208944,172,144.9315186952019,Winter,0,39773.16124205832
2277.742997801723,6937,2.0409863091670437,378,106.22884057967568,Fall,0,59241.40369763039
13908.46269647278,5451,1.6171111106320142,410,175.55045995974703,Winter,0,73665.02303233184
9620.24004656486,7778,2.2484840611267995,230,75.7964411585636,Spring,1,46162.23312892805
11195.00501106572,9028,2.0318351127916747,320,134.70837446980596,Spring,0,51231.567017791866
18036.7545677665,4386,4.027331041894051,375,173.7809946625256,Winter,1,85262.37719234239
19816.440000537383,4187,3.932437215387193,310,167.21560658183284,Summer,1,73776.1762509842
5121.0427035710045,3271,3.6787396034213353,204,70.58302329573758,Fall,0,45012.90195461269
13598.485858901917,4712,1.8655164578339511,152,38.68526101179717,Winter,0,-1526.3736696205597
6003.125158005862,4235,4.447227229756359,401,77.06072435669932,Spring,1,52280.33595865785
7080.325865626889,4276,3.5974909225175438,189,81.74147939257865,Summer,1,31830.169173643964
8285.813989266062,7129,3.0027683960822484,323,118.53793629813502,Spring,0,63654.621560563566
12178.025157518508,3124,2.1342308604104154,362,140.55422636366427,Fall,0,74033.61892519148
16789.92064948762,5866,2.144590415986417,331,94.24218960456322,Winter,0,42535.61122630244
12950.655028231826,4188,2.2536820909396527,225,64.72809680738143,Winter,0,25707.33521890616
17580.36245350051,6448,1.763400016656616,401,126.78202564317596,Fall,1,80419.43326553071
6197.29866149708,7770,4.607694530517271,147,157.9022719989897,Spring,0,38377.78202161338
16162.88984433871,4393,4.433592536186744,392,148.14178692244153,Summer,1,81130.96050278835
4527.0829418130925,5882,2.846557445275347,408,175.68737468437283,Fall,0,94905.9498714063
19103.041482466942,5357,2.469005650240682,457,74.85739418585871,Spring,0,37586.10837312183
14062.27725136849,3401,4.756313426188394,265,115.51167147741376,Fall,1,32622.29478812746
5094.64586515761,5481,1.8894938769312404,200,113.0343586365705,Spring,1,42470.22703201557
19000.04121928956,5578,3.2141678378672065,379,84.6690390893431,Fall,0,56176.99830603763
14886.260328633,5825,1.2179926221686506,230,146.69156772574974,Winter,1,37301.69755260878
10845.8135646826,2704,3.648734611376679,209,36.225259607760506,Spring,0,15454.069116756138
1487.5916430361,4283,3.3239832746929587,332,95.99057432706482,Spring,0,54149.82409164336
4941.931433381078,6111,4.478405663997159,160,133.24445874609802,Winter,1,44671.66097036282
9069.02390627862,6784,4.973620883290987,359,102.141894801083,Spring,0,47113.16468333493
9807.933062931404,5209,2.8603671365750354,126,36.59610453523514,Winter,1,21043.65064089939
6274.945419599906,5456,4.33573867781641,294,177.4172862987067,Winter,0,64910.67133369191
3233.1052632786286,1363,3.073351149813736,381,79.8727156955213,Summer,1,33461.387264083256
10830.203035928169,4901,1.7122635450228736,64,32.008318319149126,Winter,0,16608.841538243894
3509.294020557913,5478,4.891734469120856,199,45.98405968779283,Fall,1,36563.15290819791
14620.33394265928,2999,2.35374967911499,310,174.82026795245244,Fall,0,61938.67502309366
8525.13435333858,8347,3.4616936238535336,451,161.88852411967926,Winter,1,86278.15842188914
11743.00492531167,5323,4.514376950099808,378,155.45889150884557,Spring,1,80598.45247672524
3752.107427524168,3418,1.4605514007057274,247,42.67011427542346,Summer,1,29686.807941310857
7756.642019149157,5448,2.412855068235202,190,31.117457200603774,Fall,1,15092.54902396824
15224.608777160398,5194,4.413797333395829,236,63.818780735604406,Winter,1,28667.52445874405
18170.67505517273,7031,2.4250127101515977,260,39.56820301272418,Fall,0,49325.00853996565
11491.656928525725,4165,4.945316252006355,302,71.63550437596749,Spring,1,43810.26008141332
12105.045310159609,2805,3.1052864478053253,354,165.80516700614066,Winter,0,80585.03629626309
19276.79119239735,8424,2.8829286198209263,313,39.57287079543462,Summer,0,35537.2660500116
6550.803009058428,3415,1.0586632838882832,265,197.3733698340345,Winter,0,40865.53641859442
5575.74681839349,2908,3.800815074939745,247,141.78915018938625,Spring,0,40975.29537269037
18661.05701905162,3962,2.2600983084586272,349,162.06853577675403,Winter,0,68819.35643525391
15917.905328439618,5275,1.2883206294460674,427,73.74519880001287,Fall,1,41385.78231918517
6352.872009325032,4586,1.358569904394948,220,142.95224620711832,Fall,0,34645.45007829365
2215.150056298641,6507,2.044875810813686,160,115.9627538074879,Winter,0,39480.37704526922
10226.924322757835,7130,2.624149210131074,337,60.13339174355303,Fall,0,43170.78835901105
19269.832936288472,1448,1.5589206061590644,186,193.62709002976976,Summer,0,52634.33730108406
5402.3309029528855,8338,4.530343894928986,211,123.97980046730454,Spring,1,55981.64080409683
19037.05762589795,5603,1.3208266493203142,286,103.39098288859049,Summer,1,49627.4635167613
18886.176389423475,6216,3.0305418788710163,402,191.6018050498197,Winter,1,116445.22101581476
16184.849159695445,7229,1.6556396004390614,258,45.57435463918802,Winter,0,25493.61702092454
6567.385405648138,5871,2.6980219174274,320,175.09544503762473,Summer,1,75350.34125938649
17129.927550945446,3801,4.227805150285334,424,160.29003727282642,Winter,1,96702.26352318078
12739.657146432952,5066,3.8752628441501673,370,81.8014097194875,Winter,0,48895.542617733096
7597.436840712172,3560,3.136624082343509,279,40.63463307202232,Fall,0,24783.788170048854
3814.676358015136,3212,4.208591815951181,243,113.88937981565952,Fall,0,44744.53704666374
19654.75840654681,4687,2.2916284253482075,367,141.2963204045929,Summer,0,63778.65320825668
10089.035833759774,7098,2.3829833803594584,296,83.0730334437871,Fall,0,47906.56354474914
10450.435944474591,11341,2.6020418543260218,282,41.75908230647352,Spring,1,54504.37873145993
13149.977811575747,5378,2.643662937192356,389,73.71725259281999,Spring,0,57448.49530064588
8003.107516462733,2303,1.413012882663898,280,112.24120131654684,Winter,1,50766.41507172141
3601.10516202638,7529,3.0763957573274543,216,84.07808121208498,Spring,0,28027.74554594396
16620.236930690666,4398,1.3872128770761023,390,100.6642155991788,Summer,1,56514.71319275525
4607.110326152401,3678,4.559048543279056,308,45.83118501152553,Winter,0,19122.371936024538
10715.060668382665,5419,1.2473791328931725,196,32.42650239358639,Spring,1,19372.498723331173
2859.0452053866466,5444,2.138776265561722,309,43.27899679515096,Spring,1,31008.948952086757
17381.638831011984,4823,1.6194776626179164,533,79.78017791498299,Fall,1,61876.19016294209
18224.5544852024,5134,1.5837915607260524,452,84.61466523603212,Summer,0,68836.30842145649
15706.899321274135,5032,3.5310625644252407,294,140.85164530075855,Summer,0,55655.900869608406
7329.757888544196,5568,4.170220669321784,155,110.26231985035558,Fall,1,45443.08314009735
2540.926409771939,5830,4.093328881479548,142,38.6722156222309,Winter,1,22816.91278437941
8737.582256862339,2937,1.3691183906534463,422,99.42171053746226,Summer,1,54998.079641191296
5412.448701247912,2140,3.742050876183105,366,35.074168919159845,Summer,0,13963.384996763269
2015.11645394968,2134,4.4486650681681095,294,159.57124599907772,Winter,1,52940.02732332931
14786.292920000997,5175,3.0321773554599467,227,87.67969602796919,Summer,1,36050.57038626696
1217.1217138755896,6877,2.8443760012134294,278,69.90587310238018,Summer,0,38296.42565577722
2702.4576505335026,5656,2.322468285245118,174,186.18145300782916,Summer,1,37571.96274388049
13768.908339724374,4197,4.380951984014043,266,98.76927441089148,Winter,1,22136.2676475752
17350.472302747083,4197,4.487873584600585,344,113.93477379000716,Fall,0,44526.42217497742
3498.173186531425,3285,3.4459412956658784,265,176.37330510848153,Winter,0,55558.24494623739
2052.112088002761,6354,4.983320013645595,245,69.09443194523169,Fall,1,31859.21772149964
6730.374055137907,5103,4.268994336162047,309,94.86079881190416,Summer,0,60441.29356271176
5980.244835553886,3241,3.468951786472592,405,39.72107395764444,Winter,0,23576.741569108064
9666.670769209111,4537,4.65759554719154,243,136.11081758091603,Winter,1,28778.32958178144
13982.345375405928,1722,4.254326726604248,401,188.9091854371572,Spring,1,81377.6917560377
14216.883467138288,3533,2.994557410960162,444,97.35350848352913,Fall,0,40712.57554418557
6386.858085061166,9299,3.3648811416295272,399,195.1976838284527,Winter,1,91154.12790009644
8218.61216210229,4819,3.92517123681208,462,131.63879159358223,Winter,1,84418.15232481391
4441.868273001158,6463,4.385704655915459,429,65.91194057981335,Fall,0,69626.88463826549
2080.113452231566,5696,4.099215428644604,460,138.80774273882912,Summer,0,75258.1083098668
14242.94759277476,6326,2.790013759912808,320,143.2663815033903,Spring,1,59146.18903309968
15795.212522880964,2790,3.643194241206163,257,138.4671074204605,Spring,0,23953.487249470872
15770.74367512631,4938,4.058532043835401,73,62.23437478753752,Summer,1,35711.99048810589
5929.028722561744,8157,3.1580077001097933,167,65.4127997115149,Winter,1,26187.37872543445
8102.449620718668,3408,1.6340594023215962,255,71.04871864307157,Winter,1,39613.83728658623
12164.393068731391,3867,2.6381073260730643,261,154.6089656397117,Fall,0,64528.16471586767
6183.616146064874,4384,1.307491975009519,284,114.89026910593644,Spring,0,41810.2624619389
8046.203185139886,5538,3.7572027646210553,199,144.11344764916964,Winter,1,38370.993544756486
4744.031323527153,6049,4.814824727852334,140,165.89177977152153,Spring,0,12785.600219666425
9737.26179136414,7534,4.181011248896748,286,125.89181846821558,Winter,0,62338.48859818916
1847.633723828168,5998,2.559145691148475,281,110.0939769559952,Summer,0,67017.99001544603
16196.121806841742,4875,3.3371659840219774,219,98.4275664891502,Fall,0,30943.839747111782
2462.172492746022,7518,2.2168027033874766,225,121.16468791658647,Fall,0,49289.04076107778
10857.867827798997,6408,3.16418239821986,205,55.42834166591082,Spring,0,24008.44566997209
6829.391891358726,2008,2.202907623138561,260,163.69573546661115,Winter,0,43053.91275860117
11973.316027796134,10052,3.95329902719444,214,185.1690702919664,Fall,1,84647.73475332963
19229.23347583508,8539,2.037366031948102,425,168.1020561285837,Winter,0,93231.77052846955
13265.834644664072,4663,4.856081561735578,324,169.72224633246103,Winter,0,69971.01329146384
9177.646350653164,7648,1.275111390735375,271,59.86034967110356,Winter,0,34489.99949285895
10690.320194046752,4655,1.0431110540227726,181,199.28816401215644,Summer,0,30831.918975155622
11187.372399365588,6460,4.988185376820402,401,141.72158437859096,Winter,1,78598.84670824146
13946.45770147292,7209,1.882022312863174,438,101.55760089358252,Spring,0,78667.48573635891
6274.325856903555,2970,2.2502509938287103,425,180.96405488539608,Summer,1,98366.4512730913
3448.350743860084,3795,1.8336560568084332,185,128.99971640816864,Spring,0,27839.159232041864
8460.837854394793,6842,4.71240708988473,290,198.9161665424953,Winter,1,83444.64001070568
19171.70873312303,5921,3.608051438674456,259,157.8525280565347,Fall,1,74895.51766629063
4555.486943266051,6847,3.017545294224443,356,92.47682057415344,Spring,0,53187.29923817509
18175.6951436365,4734,3.230603257970281,199,156.235578301425,Summer,0,69658.21372162552
9681.31701126955,1002,3.456700009455365,258,83.20843222205562,Spring,1,34853.39268504572
17758.7867943679,2707,2.678401453819728,315,180.30979094566047,Fall,0,54963.17952124569
9713.475273603131,5094,1.7969125856967167,369,53.93003578243992,Summer,0,15658.66367754725
18176.8434651182,4743,4.140265516468647,382,111.45365026540672,Spring,1,54462.58237559789
14110.47538363332,4456,2.661579830038108,278,145.28650258960494,Spring,0,58308.76641404207
14292.819030759818,5434,3.0330855001847854,175,199.55012578240604,Summer,1,48397.705387523296
7226.687629585259,5156,4.149865916723585,182,43.25942830038916,Fall,0,29752.78237478584
13085.160053495683,5292,4.864884540496658,252,168.962166453659,Fall,1,57428.96301004281
5560.385194214481,2037,4.172114668780447,128,77.97424502328325,Spring,1,26080.79699919752
4050.237627219872,2454,4.305721621259915,361,73.37652890904377,Summer,0,21140.161444898196
16131.438015829302,8037,4.815681866814911,312,105.0307958759702,Fall,1,63862.167264243486
19224.165457669227,2657,2.5554025153728297,159,96.95564879085909,Spring,0,19112.454321811765
12228.699141150011,4463,3.774366963182414,383,65.96931426218399,Spring,1,55918.69478342511
17296.730239677538,4660,3.693833934162523,313,113.94608075595704,Fall,1,54854.73304116673
9687.245613723284,4731,4.811747178244078,172,168.1679118771946,Fall,1,42136.77992402641
11939.272078852577,4614,2.165446114503968,269,143.3495846196565,Spring,1,55095.87397888144
4028.8748055301626,6062,3.28018751237107,316,69.40722234503042,Summer,1,32715.96048772417
12949.070342172308,5478,3.983054936385313,271,52.881542531354704,Fall,0,16699.15412676023
2191.5460884435684,5110,2.7375290048855603,206,44.956456259005336,Spring,1,21078.463931869926
9056.612785906997,5597,3.301586446643572,327,120.05927903890374,Summer,0,46790.677193326985
5914.997270898746,8297,2.8684342301928423,160,64.37013616472257,Winter,0,31419.63367755773
17131.727860141706,1899,4.012169560276131,379,177.6076672285407,Winter,1,70385.56756359932
1632.7879043872276,4088,1.023755014732279,288,63.069537896608,Spring,1,31635.681932401465
7752.008120966663,6872,2.3503255013154862,167,58.069714629982045,Spring,0,44562.22673410945
7777.430917648315,6356,3.4366562113193075,349,189.4790822784241,Summer,1,79305.01222211955
1310.24155099045,6665,4.103833767525439,330,142.76524990525655,Spring,0,51020.29945290867
4519.414179487495,5654,1.304580648806121,336,100.57054704450908,Spring,1,46095.32343720008
8623.930515268567,8263,1.6322389344047696,331,193.6220266550788,Spring,0,84225.69198187739
18656.536928751564,5755,3.660326496568133,280,119.0886464648578,Fall,1,45669.361601460296
2892.683674204155,5479,3.953609764061668,424,95.2925339830002,Summer,0,49915.04697444019
17520.282080386012,5385,4.931213395871706,226,152.58518378313698,Summer,1,47588.72305454469
9629.085541243485,2685,2.9978459564262985,294,131.3766004442288,Spring,1,55868.92216935454
7207.316753596941,6541,1.5451693403905744,204,67.89178398625907,Summer,1,42705.29849649788
5422.13845630208,4739,3.74516424148432,253,72.4935118903166,Fall,1,40805.137782095306
1628.4172380346067,4848,3.3616859001210537,262,114.29311704690494,Winter,0,42286.634425220895
1296.515224489736,5841,3.1834145409855927,319,38.039183203540645,Winter,1,38513.1677048992
9147.11872746652,5493,4.756382838198156,494,79.17207237480369,Spring,0,59357.46103606477
5202.057391575593,8810,1.6164686775092791,249,169.1613445657825,Spring,1,64960.64089720278
5810.632680734187,4970,1.9799608396198016,241,156.62024233568476,Fall,0,59179.52174711759
3490.0493930898974,4399,3.371785277745877,262,33.617147351257984,Spring,0,13097.088889710252
1228.688235055431,4289,3.4497009963869374,385,126.82675279908098,Winter,1,84094.0221347106
12751.12493074221,4644,2.95690199724375,196,91.42100744130808,Fall,0,45986.15262618369
19510.86804354296,5501,2.9282474110709398,310,198.7048696984252,Winter,0,94138.83311836333
19816.555029656985,7109,2.8124430651409,277,141.68377302839164,Spring,1,41260.88001190831
8772.02781208817,6920,4.214181179650632,496,72.68191243357677,Winter,1,69116.13517919998
4096.134094885502,4167,2.8867722795025275,344,120.58722997979312,Fall,0,55386.338773979456
10315.801584426006,7247,1.6659245272191925,142,156.69645756222428,Summer,0,48711.80497865642
19798.7857684042,4653,3.127869376292672,265,89.10079573545562,Spring,1,36303.87525760089
2240.779935883824,3979,4.296419104252783,169,58.71017338260211,Summer,0,12444.016738444288
15881.454327962449,7785,1.7108663356650309,346,57.61164870650608,Winter,1,33066.705970012015
6479.571449298384,7075,2.8596886747906494,316,32.588907112939374,Fall,0,29324.84287385592
5586.953781454906,5037,3.436317264142867,332,162.23964305370615,Winter,1,63336.08367768218
13587.586859120844,3812,1.7390982993491493,507,153.878978868055,Fall,0,78515.48831589788
13651.323233624566,6179,1.3159849911852697,280,82.01400850366882,Fall,0,40585.23036671986
10828.861826843486,3207,4.7856620356308746,178,96.5739809641355,Winter,0,20915.57878616171
11539.06836456696,8169,2.344492345461906,459,50.62096127788919,Fall,0,34678.68176832361
6453.978878472965,6295,1.4672280286505617,356,35.02600582145502,Spring,0,40524.01963828127
14424.9194191866,2721,2.730386572271459,288,66.6731564506508,Summer,1,22881.241634222664
8882.280517337716,2571,3.639216117563087,325,118.51655766334854,Summer,1,50734.07049549272
7850.365649231953,6741,1.3779491165695363,178,31.306096093140525,Summer,0,21850.473562188465
16744.481376559015,3244,2.2250763806709943,260,47.72500480438404,Summer,1,17322.707856742694
18574.37132711065,7592,4.344070331090844,308,148.636876917341,Fall,0,58890.62066847733
1874.1389068586416,6232,3.584724102393309,309,106.17068571072193,Fall,1,56418.007930624924
5419.912863765545,6073,1.825492047430496,146,191.2686232024284,Spring,0,37506.09068743829
7621.868020358702,5809,1.643639183172357,332,184.830316492444,Fall,1,74333.74626770658
16484.3631080347,5382,4.6179401048036,327,76.99784238817776,Winter,1,42216.73180010988
19724.337125222653,6761,2.148080885363937,262,94.21170811002928,Winter,0,43167.78747450698
19410.462388736683,4091,1.7180006755945212,300,186.08919432739987,Winter,0,58303.10850771725
18194.01856544861,5171,4.99985607417041,151,128.47379110197383,Summer,1,57285.3109352201
6634.569036216568,6503,2.2367673111116235,152,92.85272432008922,Spring,1,15851.65385837599
19848.213624875007,6125,1.4989607512374548,313,166.06913991034145,Winter,1,72111.71729625823
3012.216942762412,3999,2.7373804407939284,298,144.49382099960835,Fall,0,50383.394251327576
19068.099610052486,5505,4.707209903321324,383,69.25360821816327,Spring,0,29181.0268948836
5434.9848538938295,4183,1.536819789905219,282,169.27428769377454,Spring,0,64108.825376034445
17752.684034342954,6538,2.7974767118443085,276,189.9470337509644,Spring,1,68796.5498355687
6176.301013853287,5661,1.6024261126209027,389,41.62379088818552,Winter,0,16641.037520764046
8202.081025471143,4709,3.3753203935171623,142,56.48543974927567,Spring,1,19011.15364752346
8111.627483097405,3487,3.1504934226033283,324,63.07660450874432,Winter,0,7453.783081673697
15226.976893262528,5603,1.7936269909955973,457,67.57008613211521,Fall,1,55812.2332190781
5518.337608241738,7078,3.412152557705484,237,70.02269512127856,Fall,1,40820.392303849934
4265.208881905217,5958,2.3609249372677823,347,55.98453482547466,Summer,1,44042.23381222589
16944.593322914396,2106,2.1665970460655504,231,70.0270917737767,Spring,1,34353.437744363095
5517.094694297137,1834,1.8885596870448529,229,63.55600457775939,Summer,1,27725.80913860436
10545.399692295969,6921,4.518889633198697,374,97.77682734749074,Summer,0,66463.00719938776
18909.08839426068,5451,1.6230503062936692,359,192.9608275076792,Summer,1,91990.79996137212
13045.956257148557,3901,2.12235990913933,221,92.35263732384182,Summer,1,39359.02003629316
17478.49870378683,2802,2.5445535193993027,182,80.5961105429035,Summer,0,25080.335277837374
18863.98409774058,9641,2.094553241200092,171,41.661930453679325,Winter,0,43503.379686518245
15264.532375840688,5234,1.8428425703110785,466,89.92968037866959,Spring,1,55197.76604816484
14291.926144270275,6068,4.084584388218352,293,69.47332787060472,Summer,1,35841.679378320696
19391.345765480317,5635,2.316064634894326,536,159.69764746368364,Winter,0,100285.0713018271
19893.61500330591,5869,1.4500518307973538,355,48.976810975564426,Spring,1,36194.74050833452
9584.611970725431,6080,3.163580649826783,343,54.42577713221486,Summer,1,37034.71139149832
2346.525785499959,6464,1.5019539889456412,330,77.34675114927936,Summer,1,53865.75232336233
3894.739408066879,4416,4.527307049089135,203,173.8718392383392,Fall,0,43807.47765273405
3494.4972409918646,3439,3.530035897153,289,128.36805764488832,Winter,1,46988.27273173478
8273.353123999228,7090,1.5508993831119025,330,84.20932004586871,Winter,1,40414.5430103998
18012.33180147599,6198,3.5962783911633407,409,130.6771067470496,Fall,0,64933.62156859281
19388.098764171536,4318,4.424139987735225,199,155.77731499002007,Spring,1,46516.64614359548
6221.647827484336,-554,4.014720356519167,228,116.62554486954376,Winter,0,30879.705452835336
12252.377956474898,7303,3.7608451260759126,249,180.965633210558,Summer,1,70921.12165749626
8727.933570879217,4103,1.416367728533868,376,121.043522447123,Summer,1,62849.60790780139
5719.855836576449,6010,4.431914316004484,178,48.379167789773504,Summer,0,40483.79767519703
10611.46129268086,5718,2.81321620950703,179,34.9291278968765,Spring,1,38952.814035217896
6897.235693616417,1835,2.7373196137066085,136,91.2595948008171,Spring,1,26013.992836226374
10974.43840283102,2154,1.0202074800203491,275,147.85239023135009,Summer,1,49726.692446843015
15261.305435650762,8844,1.745214066665424,315,164.75395983156616,Fall,0,75331.91772243477
7336.641850034231,769,4.919456473689484,417,148.36220356578264,Fall,1,78391.77125305234
18559.016565794507,7810,4.4691443084854265,177,134.25854836224852,Spring,1,47237.59608427629
17384.052389882145,8236,2.066018554995685,205,112.64755644879968,Summer,0,30857.756809459013
1925.1156235350425,3351,4.854995428484186,325,65.44471448295499,Summer,1,40490.07781359994
5819.207960879633,5845,2.4708504638131434,117,126.65316949562506,Winter,0,31038.946512507508
9476.574740524837,6094,2.1903414990047203,242,138.226207195418,Winter,0,41561.69059304871
2987.9298861070074,3372,1.6112305417995407,207,51.036365830501765,Summer,1,23525.128954682325
7621.043791636444,2101,4.606444278042696,332,126.07504756253292,Spring,1,47878.819190602175
15061.852986735968,2364,4.947969964267437,257,46.61728124290377,Winter,0,28436.33418027847
12825.304142754092,4829,3.813721693433708,393,57.016211473169065,Fall,0,38368.71714185883
14500.039651724566,3871,2.3412136392382186,214,50.23230302541661,Spring,0,28804.166714005027
4893.550052234334,6933,1.4199629572218209,261,49.22700952235223,Winter,1,55295.23131110225
7492.26418242991,6016,2.570769227529296,265,184.8743031812542,Fall,0,64364.36520239875
13848.607163271794,3489,3.206279843044704,630,131.67484396691515,Winter,1,104717.16205579769
17705.460497595213,2597,1.492067036705977,148,72.52698277436363,Fall,1,34167.69868614603
6371.293367965196,3924,2.989452467573158,91,121.15084114705743,Spring,0,31154.969108184
1574.4699021136694,5198,1.937531810018292,299,54.616505049057466,Fall,0,41288.63940805706
1149.7979666603671,6004,4.173037224217609,259,114.33864162230724,Fall,0,74269.90874900244
8080.902326598915,3275,2.310497396207903,410,153.49631042574777,Fall,0,54725.529622988885
11080.207076692854,5321,3.8059052976023775,293,97.27352179942416,Winter,0,35775.95031128099
18520.11777357667,3094,2.7114367199227494,257,149.3948665854613,Summer,0,36571.16983513774
2700.396355625102,8217,4.856204675382404,274,146.38444057831208,Fall,1,78023.42804900625
1461.9507944929978,5414,2.425403610088084,237,173.775737806882,Winter,1,52023.07172747978
12822.390117956103,5318,3.630079581521712,450,128.2787698325698,Spring,0,69716.64408309394
6302.291016343369,1082,1.7914886343394092,260,82.35712824819672,Summer,1,56984.0247700432
4985.249043457066,2107,1.487516702596531,329,188.35606523998635,Spring,1,67878.97758755955
3198.3614332147795,4095,4.727105805587176,212,117.91372716414348,Spring,1,53965.60709498886
11965.664636386497,5638,4.999795880859667,411,96.59149178750714,Spring,1,51502.861896064045
14210.130112189034,4724,2.0795552822575405,272,122.07918956564498,Fall,0,50833.587392443456
13767.185671320623,3085,2.207074208663752,290,54.69116358490537,Winter,1,25426.84986671552
19028.35939368964,2303,1.6599557569526748,117,75.07129031060482,Summer,0,2994.4150191799254
1051.3610639765511,4196,2.830739103718495,339,82.13591656886743,Fall,0,18619.144088672358
13296.736423986684,4063,4.46337503934299,481,117.57699076082464,Winter,1,71956.37407365105
12407.452504855151,6025,3.806023808499511,213,148.23684174732205,Spring,0,57869.55008414124
12186.052589435476,4347,4.385326232306351,254,78.82441856171165,Summer,0,34102.08994486552
19292.636076964605,6205,1.913926622694322,186,53.080219250111526,Fall,0,10999.891809448303
14233.166183327552,4488,4.674106513584241,306,175.29047133438814,Fall,1,77248.19775347642
16459.894344335407,4303,2.1256644568575616,370,101.09945468257328,Winter,0,56783.73245256134
10686.3367358101,3435,3.762614174364741,355,110.88139452100047,Fall,0,55000.957963240464
7345.332522339374,6250,2.602629646759418,218,79.16544706632664,Winter,0,58097.10571357767
16025.963101320693,3372,2.1609065806356904,322,167.50180096372912,Summer,1,70447.0245731719
2847.6155870160683,3956,4.878493875017398,267,50.513040715320535,Summer,1,23413.702625547037
9398.67711686858,4853,2.394532919873171,190,59.085082007659885,Summer,1,39594.8285593685
14185.171807756404,4350,2.5543568384813424,680,145.9766779470184,Fall,0,114110.85795246004
2726.82890861578,3577,2.7907131638399294,531,123.1689091180408,Spring,1,76696.38087871925
5327.430529219359,4223,4.008843301996952,313,165.16835067691306,Fall,0,77248.72069862328
8795.729691112387,4880,4.799657067788012,473,199.4700172941451,Winter,0,109812.28444385996
17852.254843130933,4559,4.723765245020424,294,164.53681658882195,Summer,0,64499.82179344697
12757.697196586154,7617,2.9002405198997243,105,88.16755403981733,Fall,1,19948.007375377987
3535.7679477637544,4948,3.877266272945737,203,154.3095564474961,Winter,1,68749.03482740953
19631.022522958367,7290,2.2361983400496097,221,150.30215368142208,Winter,0,48715.525999476165
17563.928960354366,5692,1.2783484340760718,310,199.716107275667,Fall,0,82341.99996272408
10551.694461761155,6548,2.461894101303974,301,49.0182488121992,Fall,1,29547.80320652473
18524.611654136028,3451,3.791660913313191,242,30.36131711880972,Winter,1,28363.51136161614
11286.23508138558,5209,2.098488440992175,241,157.12335898389088,Winter,0,50111.06083082857
18542.8152898941,5267,4.445623582566084,283,126.69207611079716,Summer,0,71026.16823955596
18475.87340478501,2019,2.323347049963227,261,113.89611380189216,Fall,0,31922.3580728628
1684.6425311428202,7992,4.301210470196367,175,90.61086925689936,Winter,1,28915.84448929765
4320.668079057859,3055,1.9757511580451976,266,160.9639006714247,Spring,1,54832.5261785318
8393.558864922528,7692,2.3264085826685226,216,94.62208787322923,Winter,0,47104.827277383054
19090.711248612995,4065,2.372267729692347,423,135.77268581337074,Summer,0,61611.13255231835
6700.549470042662,3275,4.204168111303067,275,181.87902450766128,Summer,1,65979.6362078858
17839.78865564464,3737,1.2951479324856572,342,31.51404718163278,Winter,0,25937.04555231172
18249.6362927322,4334,2.5884479639842666,126,165.5702303859201,Winter,0,8907.16180358698
13561.23271865389,3063,2.0658451047175315,209,190.84734680102343,Fall,0,69451.75613877227
14232.79974839751,3160,1.270984882201584,315,160.2005017988871,Summer,0,60802.74599507349
5700.57635524392,10285,4.135621909140136,201,141.78356560555176,Spring,0,53560.45933456848
1752.6949290108369,6080,4.878329489249005,243,169.5161711934697,Winter,0,51447.8898152873
2160.4922042689595,8200,3.941935192101791,408,106.8313317628176,Winter,1,67389.69463241729
18246.92619221575,4622,1.4943750139248624,336,77.10405374593077,Spring,1,46282.52725205065
15057.79443875292,4175,3.3043070633618163,336,39.45207901077402,Spring,0,30080.892487914058
18063.184787060967,4193,2.136930915361955,271,82.34916295481221,Winter,1,27913.11044703963
13779.063914633904,1339,4.880851774544989,261,37.86394118632518,Summer,0,25087.35948634129
11049.85865158678,3608,3.8699429014464375,356,103.10460202784635,Winter,1,51142.78887167299
6784.480922600187,5493,3.443062359149677,377,68.38598502138166,Winter,1,39165.53569568266
19961.2827752448,8051,3.780352170418905,301,149.62009340963823,Winter,1,81366.52060413365
9942.330035064282,6764,2.4909470057504266,427,43.84341204627746,Summer,1,36637.545354735405
8186.658323545774,2494,4.743198317759857,133,172.59553732799537,Spring,0,30466.377951083145
19611.011657373718,3827,2.3277085391707466,343,40.20558625002505,Summer,0,30040.419381384072
4318.50932250511,4084,1.1657445269308773,295,157.66293808941367,Winter,1,62889.41402898429
13926.62465428503,5914,4.161361410486689,411,48.21195017583369,Winter,0,18237.34823931335
2200.9447484339826,6924,3.593873432195678,207,125.14354807774596,Winter,1,59760.43733480672
12537.73810621928,6541,4.848683101911499,137,106.79354074307253,Summer,0,32345.990299804493
10075.283554651904,5486,1.4248074704765503,410,165.78070998175798,Spring,1,91417.55136833776
6395.999558479921,5780,4.646185208917533,200,135.99160103779687,Winter,0,57697.9118613751
5529.852337557102,8177,2.4753967756562485,231,77.30648421709594,Fall,0,50662.16171443173
7990.624030203785,6549,2.7139286179569377,231,112.08751390305768,Summer,1,57254.87313549487
9673.877933990452,1383,1.4658091243697655,140,181.9985100068893,Summer,1,37842.48896262756
7412.070253520558,5822,1.9911858229007549,303,183.91173895485343,Fall,1,85046.27205884192
19439.380178323576,4033,3.969086276919168,221,51.30048711909404,Spring,1,13559.876702714964
3535.3492031664764,5005,1.0920301673827808,359,176.3150844509771,Summer,1,69668.28043868001
12229.511116539334,6770,4.429552229294197,278,194.25753810196505,Winter,0,68716.86930831919
13524.352965150536,7947,3.469299311127118,405,95.78445922256432,Spring,0,72929.95022410183
8547.8781961928,5778,1.6797146484742354,390,42.03326243096255,Fall,1,57355.820031901865
19986.28188452125,7342,4.075088892215014,190,109.97741024009864,Spring,0,38757.92662638987
7685.96692766781,4346,4.867202389806215,579,37.843293354908994,Spring,0,45379.43385306071
14706.726691239097,4983,4.738241498120073,267,32.78292633289112,Summer,0,25894.71317137246
13114.071196085064,3954,4.686190191248661,184,125.49753900409698,Winter,0,45740.28905923101
16448.02340170175,7085,1.031240861622973,388,65.90505736516644,Spring,0,46916.42333717968
17906.079472465262,3985,2.026530466556117,515,86.89887485342584,Fall,1,73539.07540932854
15526.677512796465,5309,3.258588857239435,384,52.52109559038247,Summer,0,26238.963400526587
14266.721078547522,7083,2.2721211566422186,280,197.34831589881745,Fall,1,64401.00791629529
7374.465223842093,4921,1.6146661710904504,457,72.49004063195656,Winter,0,56935.20893922035
3806.02598592744,3102,2.7779748934333868,384,40.53611483261344,Spring,0,21371.64347528158
5596.132379828212,1038,4.959062027390498,388,72.78900950303597,Winter,0,40990.72682354743
9213.348142444673,6537,1.1695515365541604,248,80.93987171698859,Winter,1,30147.4311256232
10917.929198969669,4157,2.2046207955891064,291,90.46461930412688,Spring,1,26380.168701444192
15688.58752704256,4061,4.407575380353291,313,166.87808073252674,Summer,0,83120.21704881781
3033.0786636820394,8894,3.641163674239112,336,47.6367423040893,Fall,1,40789.37895624026
15162.563404998566,3953,2.971686999988229,42,54.47519449340604,Winter,1,36049.46921386562
17114.857226592714,7042,1.81951077159039,216,111.4359406174953,Winter,1,43339.37183887959
18780.809524118984,6417,4.240015443348799,333,111.60738354266456,Winter,0,52491.9110306751
19685.0986029522,9902,3.271282618655877,273,162.80029545663805,Winter,0,69434.39966141983
3808.364857248175,2041,4.834343641450313,223,34.47755505394575,Fall,1,12286.12832442496
14013.754334987629,4335,2.3846554905138637,256,187.615574400045,Fall,1,67591.32389009722
13478.477210375904,3557,2.174049008345774,156,46.82246071384601,Spring,0,20203.083652288144
2847.901900965172,1511,3.6579649057976624,161,59.48305125448441,Fall,1,18384.874199511272
10457.761248681494,8321,4.8358464739859865,207,92.6648514041901,Summer,1,25849.487729060576
12040.5566637692,2166,1.5439707599664303,283,139.14348785081276,Winter,0,47086.03769498085
5589.58376075845,-604,2.940638525277262,300,54.22026974599675,Fall,1,25415.46951894083
2112.163522475617,2700,3.6580042026705817,326,173.57257309151294,Fall,0,68311.85142819284
9941.797174443383,7196,4.470748701373992,412,130.79261960817263,Summer,0,67838.63357595555
3200.8460247168205,4724,2.350282144504119,334,118.907393097434,Winter,0,50436.65835135478
9684.11646529598,5050,4.503060697640397,297,48.6335320858982,Summer,0,37901.669846847006
19619.28420050388,6220,1.4682123966041276,143,54.91187846405526,Spring,1,30672.44799730939
9050.420715653983,5572,1.9518427276699049,238,192.8925330967834,Spring,0,50143.11504728113
17285.373432586777,6957,4.606426907626874,352,30.44622621421973,Summer,1,50773.374579946496
3228.995719480684,2781,3.034039574762681,408,112.35117667906296,Spring,0,66212.27679224395
6153.7894584754185,3904,3.4327695351880965,388,158.5782217261612,Fall,1,69909.19605792695
8672.062072679357,6331,1.1520729301700317,313,65.69371513506732,Spring,0,27627.711751424995
8596.430660177284,-69,1.5135596405915557,420,108.1258317757368,Summer,1,45884.47022851816
7549.644420134646,6001,4.620002959798677,240,74.26751680925977,Fall,1,46604.5748936835
14561.57049979031,4039,1.539179855483788,223,179.38771268124987,Summer,0,56239.032529788215
13144.551085282455,6872,4.398691306435018,451,187.2765506122795,Spring,0,110385.23652677557
8584.06175984069,6618,2.4041387974898125,323,157.38726457120055,Summer,1,59056.47253096303
9203.442425432066,2603,4.20238998546312,311,31.46822059189799,Spring,0,14045.875648068237
2330.801612748248,7403,2.070736158771506,234,69.45901755670187,Spring,0,41625.60153095844
16625.728028758116,5294,1.374642804756229,196,75.42139204937416,Winter,0,37733.6960404023
13415.0020611591,3045,2.122826362296535,222,61.24667233370101,Winter,1,38433.47212428287
14800.50682393887,6758,2.88591886686912,424,127.30994283762053,Fall,0,67120.51842846491
11201.537020565418,6270,4.270035195587182,156,105.94217151209456,Fall,0,37240.66558097099
3099.06510884315,6085,2.8100598190747914,349,62.905898592803744,Fall,0,40952.38152237007
8702.098074122565,-989,3.166532043419292,264,70.66793606430332,Fall,0,1155.284733204062
7099.816810821121,6761,1.0997825192457735,374,162.38561359621073,Spring,1,88133.19653683783
1569.0561731902378,8616,2.6614692007650897,384,34.19745304311698,Spring,0,29721.36930188237
15007.830609333068,5873,3.755596429546055,334,61.191618445672674,Winter,0,33180.17054486682
3085.9047031875134,5385,1.9371665849992992,112,169.20723147722674,Spring,0,38116.44211507878
12519.854527856618,6392,3.794519803392635,457,121.19251453714412,Spring,0,76900.31743423296
14361.1324328771,5676,3.014789220726065,431,139.83828073753494,Fall,1,71858.09101526697
13060.9401357402,6303,1.1029511023324612,309,102.91272653337695,Fall,0,51383.40953837556
2962.664946617634,3466,3.241494815256301,480,51.31868234573945,Summer,0,51457.15339743624
17476.176022998785,2991,1.3299740123243735,394,59.068749814623246,Winter,0,33951.07857858341
1554.614462129352,3003,2.900856133849092,297,186.22950307065247,Summer,0,72136.33433519947
11163.420243614595,2253,2.149171527098986,270,107.79745739680418,Fall,0,21494.455761003708
10959.493347481406,8522,2.139708211228995,417,143.2762313922781,Winter,1,74755.13301425133
7936.897664140186,6508,4.766748283896796,403,32.401582356856125,Winter,1,35728.08305244616
4620.771383861293,3749,3.18453099738845,138,120.55800607756694,Spring,0,44625.109311649205
1363.335051525106,4219,2.294454838186885,346,180.50704382146327,Winter,0,56001.87496904064
17012.760391012,3688,3.789601513463064,149,100.1426263750968,Winter,1,31483.69877310287
8091.103159151089,5135,2.655849982783518,299,107.06274328310164,Fall,1,45283.97655906143
5234.412542284625,6555,3.5184732108263725,122,175.36734892575447,Fall,0,52156.60804982532
2530.108065965038,4928,4.114337056113126,312,133.700184648701,Summer,1,72019.01480714374
2620.907539255364,5672,4.406231177133957,91,157.04965351228552,Summer,1,45297.06606381138
5206.532479562672,6772,4.265650854856254,231,152.08552676251293,Summer,1,55164.33126074742
2900.2671575095483,4455,1.664308354373672,238,38.64615735340409,Spring,0,18863.018957607004
2256.83978022214,4381,1.2345162355350885,445,150.05538930729912,Winter,0,78313.74978305359
2246.4924769885874,4942,1.8006827262022744,353,128.62129185038168,Winter,1,54012.84339606461
17269.247412832854,4350,3.4917068802639566,260,37.680018591439286,Summer,1,35310.280757137465
11633.96571064551,5347,3.4133903802248,276,109.82465878035624,Fall,1,60728.92983497557
15695.65534453158,6133,2.231862765454255,197,184.9027048408876,Spring,0,69021.32551410931
3914.0086793275686,5997,2.260606013781912,499,128.14185002176745,Winter,1,92158.91906000512
4792.326700282172,3524,1.280694271459618,405,181.93204801886472,Spring,0,81968.39722056109
9226.699919342434,2592,3.003035011687844,333,108.34125858858371,Fall,0,34351.9846703153
7639.365548922163,6375,3.447133392640509,259,102.26103528028072,Winter,1,39266.60250613036
15848.112404458563,5099,2.200127486468501,474,94.87652695867256,Summer,1,85310.20162859536
15269.41132827157,7696,4.824599336496076,242,154.24672099880524,Fall,1,59772.41258968457
18617.02434008924,6815,2.556949007808909,456,172.92471651711605,Summer,0,96606.3077949497
18018.134532993863,4598,3.536451219689777,270,114.1185727955344,Spring,0,48547.84903876479
8458.80698078087,3002,4.811643392155406,128,75.43539667748244,Spring,0,15117.55694321634
17689.07741221989,3519,4.658410777979348,315,57.95355724522361,Fall,0,27553.882154146537
14124.91074697406,3869,1.5920162254001249,173,143.16996348713369,Winter,0,46928.298236070266
19759.626384405397,5952,1.3427434989176898,466,172.0427589992304,Summer,1,85092.50788798918
15426.366582616694,683,4.238569311195318,341,122.54897817818582,Spring,1,46341.187653144094
7926.347893938945,7637,4.619772853187293,353,62.94500670038639,Winter,0,33645.050365210656
10520.20028386029,4521,2.971894415691598,328,157.71850559039217,Summer,0,63205.88493894704
8151.393948692674,4506,3.7630450953351,190,118.62655372275272,Fall,0,36394.96131698512
7933.324884403524,2841,1.2791531207136728,312,166.78848155521965,Summer,1,62320.87650789703
5957.185488240135,4771,1.8792175914258875,483,194.0028804994973,Summer,0,108334.62666041432
10423.435612095922,5026,1.5975047786268846,300,101.2896685949115,Winter,0,52092.37273879519
13953.058956317862,4756,3.404642334200136,198,84.23035622584491,Fall,0,38270.5452013561
10963.21641046718,3820,1.2393852622034025,228,147.4676993308684,Winter,1,50336.96524209619
4037.0604502296346,6096,3.708849716455811,383,78.58922219722724,Summer,1,64424.56804220841
19443.897412642025,5394,2.3228998619785437,212,127.9762574985334,Winter,0,16819.968886657487
1073.3466786949607,7118,4.333915503373506,361,192.16701047789496,Winter,1,89521.75054107883
4393.01939309547,2954,2.1050764320483584,242,72.01467821849297,Winter,1,21590.42574674736
12644.468309222855,3289,2.0421905534627305,295,193.47760586477227,Spring,1,81209.81470364147
2546.0223782128005,7514,3.239789643158353,337,119.08443608045698,Fall,1,57582.5579590074
17756.033558839816,2034,2.9128625593831026,255,153.82578355530086,Fall,0,40317.306228829344
14672.782999003475,2381,2.7838906424014427,341,162.8279524489955,Fall,0,58749.18021228876
19361.409457319976,6635,1.6231424758162687,131,57.98356891244497,Summer,0,5896.850829887022
10645.075397574532,5476,3.0185847665319643,311,195.70658285003623,Winter,0,60734.33135613996
6707.6699800112565,5210,2.036075669101777,296,195.9404982273883,Winter,0,76113.0036511179
18685.55562866149,5062,3.934281790682425,119,173.37031863035023,Spring,1,52306.93532050399
6076.933605384054,7710,4.095451860757297,341,174.85129831920648,Fall,0,80079.29892988532
17670.576994308274,4203,2.622535578493055,312,181.015752711464,Spring,0,65032.15529272224
8066.456221736765,4677,3.372132557315056,327,75.3094967084268,Fall,1,31279.18373866277
5706.015427354003,5055,2.656884200383566,413,158.6863873544283,Spring,0,72106.93744648405
7046.436674364186,9464,2.4409926352492044,398,128.21499996185136,Summer,1,77823.14277925863
9711.560174262457,7734,3.9450432059035023,417,97.91595183987774,Spring,0,51851.04916536288
9447.158468414716,1689,4.354034363230499,274,86.43999067815652,Fall,1,61542.91470233962
7385.94306159786,5307,2.2663376441198118,122,142.3174383794854,Winter,0,24746.78507140254
17732.884337894513,1831,4.134031062570141,136,101.46887618308,Summer,0,30357.27874770891
18955.50876186744,6688,3.44085223334795,373,140.27497091234687,Spring,1,74315.00540529129
19845.91625393796,2574,4.136332185612976,289,165.89597157330115,Summer,1,64127.229420926495
19356.80146691625,4435,3.9903054545984262,291,134.9810082942749,Spring,0,45958.17456883463
13838.09380524107,1761,1.3550319416778116,512,72.12289864259886,Spring,0,42735.6281614623
5652.900108981889,3977,3.2023156725397763,439,116.28460480500418,Summer,1,69162.13914367698
5112.6879579399865,8481,2.8173149055545825,256,158.53898101070862,Summer,1,61800.63476345252
18532.37559428194,6834,4.568453339867077,349,65.98791907423427,Summer,1,34376.36472546791
6587.456585280156,4885,2.5314132221440047,376,146.32641767622016,Fall,0,64752.262939805245
9608.79066352869,6753,1.1565044457291256,307,162.70865664789787,Summer,0,59147.55176833965
10385.198845757246,1346,2.5285429608103613,250,180.6820140126492,Summer,1,56340.8751477712
15785.260313554829,4193,2.698039231601479,299,106.2133271232726,Winter,1,52380.59383520426
17040.464269507458,6898,4.44655089277664,251,151.77033570373425,Spring,0,57310.11086120234
9111.1828440104,4827,1.799866343631697,424,83.5090729080782,Summer,1,38806.7986462714
17014.242868873684,4139,4.356116903835483,279,137.4605384270457,Winter,0,63717.82142478482
6779.775140388749,6286,1.2214252525374554,404,162.04990860339154,Spring,0,84137.12167849088
2431.8223125834666,6176,3.72344048324455,356,84.16435539566628,Winter,1,47436.17996051558
5684.581856411966,5556,4.175004998770613,353,183.057518259957,Fall,0,79126.1127167115
12332.228241642832,3714,3.658714893525317,315,131.34436725743208,Summer,1,71838.8290889057
3232.987215169115,5300,4.912915724471114,242,57.867771360604685,Fall,0,25427.37938714862
19541.79349995213,8175,4.208751683505544,142,191.6818022583814,Fall,1,34678.83873390147
5601.393288395623,6993,3.7706465851356143,306,99.43264109570664,Fall,1,50487.1224510288
5757.566044217882,4702,2.5980817865454067,414,152.5857337859037,Winter,0,67999.31376771707
10184.47716884545,5192,1.30718988090846,317,189.00106942571543,Spring,0,75338.19174147543
1759.8632361136224,4909,1.8574381184723987,258,184.11967401213224,Winter,1,50183.62124768456
13154.397015427412,5158,4.1889515665734205,214,53.8491806430841,Winter,1,33146.830173499045
8757.755258455152,6701,1.9939411525441968,156,178.20422946946456,Winter,1,47084.900612751146
8170.724879188859,3321,4.991431932093392,433,130.32842065375635,Summer,1,70896.66677973678
16377.934458294769,2976,3.7759525599541774,122,99.6455090430252,Summer,1,25625.958783820344
14471.67374348251,5169,2.9088899228704315,206,108.94239413667924,Summer,1,34665.266593977336
19132.34249246115,1787,3.2817467608477084,68,165.08399210504572,Winter,0,13876.350871382514
7686.788569418124,2253,3.4434908941657447,268,173.61176349850757,Spring,1,52434.13896342682
18053.312528338705,8733,4.875779280130493,265,141.84247211479794,Winter,0,63493.75376256344
15629.376538751689,6514,1.646964778526078,259,39.93841981474184,Winter,1,31496.07284583776
7791.068380299548,4979,2.0895832106430183,293,167.43882445998685,Fall,1,61636.31007718043
12811.643292611898,7476,3.8383641918849754,217,34.37651633747781,Spring,0,32135.540720036613
6482.829195382216,2918,1.9594319325742624,208,95.92058414370712,Summer,0,32801.76228389737
17613.598424422005,4368,4.485188648808201,481,105.50846441106012,Winter,1,87474.87114713254
3136.119027033914,6246,2.3861367026324745,266,116.03813800811058,Fall,1,59892.21044895498
5036.25286458678,6781,1.7233575996632764,390,73.51207677516095,Spring,0,44022.55719159902
4477.632549518501,6025,1.190483043399274,216,101.2412525346607,Fall,1,29828.42305664488
8657.494045681484,-82,3.3823801612718,461,163.8407325200277,Winter,0,81733.49804681314
15159.426240610454,3063,4.301128758218207,451,76.115289136308,Fall,0,33642.170751541016
10265.850147225943,4288,4.670157945035282,190,32.13789464851523,Spring,1,21729.22176665904
1010.3733330429176,10080,4.030937080472019,308,54.2758073743788,Fall,1,58135.37415299033
9082.63278174604,6853,1.245202729995139,304,187.30111460974547,Summer,1,66470.21808219889
4956.811790308193,2766,3.269763761301063,202,38.63559878359131,Spring,1,23915.29329881651
18715.48484024939,4929,1.809489219743921,147,133.7753529467139,Summer,0,26002.96989544469
17308.415134050985,7255,2.833115574335049,298,45.05990369630632,Winter,1,64894.092638118746
16254.97405966535,6762,1.1923112849496738,300,89.15362383530672,Spring,1,57610.71990871184
4023.7785019026137,7065,1.5991056371435517,402,134.45243434017982,Fall,0,61893.694773802206
12508.527188135298,3152,1.6560175564422348,152,136.7104525755601,Summer,0,18464.157702038807
3197.575566195253,7824,2.516943017825564,401,180.7735150329789,Winter,0,87708.32544970412
13111.783270071926,3928,4.325214636389036,260,47.80542496998365,Summer,0,20662.80116107718
10108.306438394571,4700,4.00762414402708,308,100.85656214422302,Summer,0,50131.382721759845
18382.398668834277,2987,3.6828398335526775,109,61.50459358402888,Fall,0,12380.507221949438
1937.6299889803545,3356,4.562749567655514,243,186.562151578303,Winter,1,64739.071489329166
6564.882735513279,1903,4.875165015780688,248,66.05330125709308,Fall,0,49920.59182224966
14585.999351838174,6063,1.497842435239764,426,93.9828586209404,Spring,1,40653.49678296359
8944.075023212015,7521,1.3226954456832667,315,117.10492000842864,Fall,1,58018.86209635976
4286.075731151971,4799,4.198920515808037,369,86.16838035502283,Winter,0,46379.62679744073
3037.004163142374,4199,1.6486834923434337,300,142.98136525702307,Spring,0,53137.15607394232
16529.443117770807,2055,1.7782980970288276,195,132.893444519186,Spring,1,36975.40159324644
17763.389766463042,9422,4.7558595884101,215,171.43304029301234,Summer,0,49954.13413998629
14932.493552017797,1405,2.273884975691896,247,132.5034870634865,Spring,1,43454.87226682868
8784.797906984128,2873,4.368672401751976,318,105.94099115003046,Winter,1,44033.75351607389
8096.709268957989,3640,4.435427638254604,394,134.5116968326206,Winter,1,59225.65955476403
10797.128586373785,3871,3.421561922008145,279,135.9212199292965,Spring,1,51163.40534887837
17892.139110604843,5454,3.26435379225258,451,75.82819198912152,Summer,0,30811.403149790072
15008.29301456919,8228,3.303353636982439,242,60.26298952755607,Winter,0,9104.189195420226
1097.9063211114417,7017,2.2051567505708918,366,118.23128414225444,Spring,0,61548.91867774753
14188.999176013383,6055,3.475468155755963,300,82.23473218592886,Spring,0,36123.53523153484
18470.64073121059,3552,1.97432108443428,454,95.48917593767106,Fall,1,60424.22672589392
14498.65943058534,2760,1.710529160302435,321,30.28281602509176,Winter,1,30226.11684688633
4363.109849782422,3406,2.6518018176960254,112,145.88525623413,Winter,1,44615.308602733
10186.844421121716,8096,3.823121691937741,408,39.86262771834583,Winter,1,48749.13646927768
3666.0043405449687,4876,3.485710749405857,291,155.03014959433045,Spring,0,65356.79838387349
18542.80084361546,6649,1.5652561991836818,266,132.09455844826078,Winter,0,42612.62479601943
7452.989839157784,7829,1.3722685603113285,223,101.75183032814044,Summer,1,31785.537351923373
19300.74860994722,4567,3.391803602716484,481,40.512948851373686,Summer,0,27598.721933820805
3808.225347242418,5885,4.353145900059261,221,116.47360376389166,Fall,0,45988.66790425263
5881.416230046713,5436,4.575470608269829,241,145.9001969227785,Fall,0,53768.67158303668
17597.579718524656,4311,2.600175546740194,129,93.81616722833952,Fall,0,44629.70244529272
10345.952402458546,4494,3.234332114348927,462,52.0098188168048,Summer,1,32573.554186701447
18080.260752313603,3262,4.236798368603253,339,32.619095790574,Summer,0,23869.3851713734
4524.840052940349,6312,2.2482820847806764,323,95.74619713489147,Summer,0,44650.30872491762
11120.703161955851,3936,3.3826760177547803,397,156.2655394145095,Spring,0,87503.399571007
9490.662314977784,7658,1.6922890414538734,290,80.13592017018908,Spring,1,29175.66410914111
7789.590713881134,3783,2.5872787670703183,431,45.62828346369198,Fall,1,47911.56148339771
18384.44463599675,5807,2.7330592940019733,298,106.519249484838,Winter,0,45576.25175600233
14903.139523224963,8873,1.974848904426072,267,136.61186591832288,Winter,0,64893.92622677136
14823.392835299064,2096,1.5441733695140245,323,136.0081600803037,Spring,1,54687.25396160482
6508.355542247153,5764,2.1026613116795425,224,32.17073467719442,Spring,0,13738.083599633506
11976.479062019967,5410,1.9583201569756368,304,137.73443397197292,Winter,0,67504.95147269819
16116.21700232105,6981,3.867900291926184,360,115.34416982801716,Winter,1,59853.236048358354
7546.078754331933,4626,3.337931975057089,466,190.62948090145284,Fall,1,108482.7177874752
14981.984039346926,6613,3.265047417120132,224,174.8257044708629,Spring,0,59497.6446529504
3688.623226816105,3329,1.3169481037623911,330,59.61766584804956,Fall,1,42234.28768252172
17452.96390276307,3106,1.0726920771049513,165,74.53237965841113,Winter,0,18821.27946464792
9385.107933427806,7296,2.410384460550623,69,64.83279176221073,Spring,1,23736.27937284361
10241.798528884645,3178,1.9621796762555976,373,180.5043143813521,Spring,1,77124.07100243343
9519.014399061947,7805,3.3785907257321703,364,164.8993655107203,Summer,1,77847.24329102656
11789.074028072642,5671,4.714569952278454,383,106.5822417682663,Winter,1,61304.14771530779
12802.21569997404,5638,3.879408111084768,302,94.26392222337982,Spring,0,40099.17854720119
10465.411749495925,5614,4.069443447883948,497,32.19321925799384,Spring,0,29714.49846107333
17468.982321922816,1723,4.8035724414824905,291,149.32973005130765,Fall,1,83695.97324551083
12926.960367710404,1447,3.5363643235862705,244,194.0394812949764,Winter,1,51251.38462019255
8627.13103680488,5431,3.3109237656393025,0,162.34828501446043,Winter,1,21901.214861710603
8917.143381265509,6136,3.407471903810834,295,69.62302645718358,Winter,0,38016.98571914171
16405.933687450077,5165,4.463221026269864,383,74.96534533972876,Spring,1,69478.33965855894
7615.646912183882,3356,2.5523961408279403,300,101.87648713139012,Winter,1,35372.17671236179
2128.280572109996,4835,3.6090277399086457,529,69.4974058495732,Summer,1,48049.713436171536
18452.38257261665,7027,1.0547536439363667,423,163.6345689803076,Spring,1,100349.3059930888
7355.001088426183,6177,3.799955058507445,403,30.84330226674367,Fall,0,26680.156279891595
4332.069320789633,5768,3.3187612389809398,306,185.9543107280232,Winter,0,80398.05648597695
18097.46811700057,2989,2.737209885604096,283,34.89918840876477,Fall,1,25069.74628539652
2080.6679237617536,5202,3.644595062325653,284,138.3612358168358,Winter,1,50535.67164317955
19629.22760591113,9342,1.508344561959588,269,155.39188017853903,Summer,1,83089.2963861084
2832.5663532502995,6324,2.7291183234048657,319,144.0633724861671,Fall,0,57182.92331662252
17405.94233467813,5201,2.6664968599279177,282,96.45576218215288,Fall,1,43324.41762588468
11763.61603279409,6078,3.1704040804809623,184,176.39822008787138,Winter,1,50385.35230425844
7990.432268539594,5172,3.08765472087398,341,90.60644676606148,Fall,1,59441.603522575
7504.505155878,9381,2.4709067402713982,239,121.5039024977847,Summer,1,67306.90614767563
6976.892605081457,4828,1.268916159964855,296,153.74220469313502,Summer,1,61847.30522557866
13489.059415725696,5504,1.1421538901373842,312,46.093614894541446,Winter,0,32271.29756342813
10829.195586805525,4218,2.681037358393501,95,162.11356893778037,Winter,1,34017.11409353949
11538.256113784932,1790,1.6892372987906126,226,111.05009853622076,Winter,0,24561.884489452183
16710.370457925204,7917,4.712833577317505,246,170.27512451849384,Summer,1,66011.92187856014
15689.090997602963,5225,3.9160620413459686,337,177.3673723293263,Winter,0,52463.42086577052
5120.534751729772,6314,2.043696033910407,431,37.03592790525473,Summer,0,22905.09899224504
18159.84329017986,3705,1.9193981111747247,273,97.66918325893688,Fall,0,28807.14015227864
1815.5596215678083,5342,2.5906689357262165,321,176.27988057859366,Fall,0,72355.60195639473
7328.368655012056,5077,4.149459258387301,179,105.79531070151936,Fall,1,42984.1960973924
2894.9259974603265,6253,4.643933412650025,417,44.3855306881804,Winter,0,38825.080285759024
10036.19322461203,1884,1.125170111639095,310,108.04912894854164,Spring,0,41658.32999898086
16580.426281525284,3985,1.660432509487681,304,154.47670855684282,Winter,0,48297.26274163411
6665.559833598218,6689,4.83440515658763,333,83.7866356112846,Summer,1,36810.19555596549
3867.76304890979,3648,3.371165166195873,444,184.1102561571388,Winter,1,105616.60698322947
7275.073678241085,3013,3.205641076615279,278,189.93538817935104,Fall,0,47621.46357025986
3667.2951981875904,5076,1.1591331921137793,214,45.87569448768856,Fall,0,24231.88018216048
5319.886532472534,3842,1.0553450046918993,342,80.89065656894304,Winter,0,37818.972706737964
14408.490835802546,6458,4.314282742290724,251,56.69239220522167,Spring,0,27561.995320915263
8509.431627190399,6398,3.9895271262330745,324,71.06661322617649,Spring,0,47456.791020998
7383.57330446485,4950,4.74917415426339,149,131.65081908817643,Summer,1,44075.164529482194
14827.654191073943,3328,4.734398382495819,194,150.35247192754468,Winter,1,73535.89555834161
16488.788510971957,3115,1.0369884279181152,358,30.463397731614695,Summer,0,7839.073012992985
5135.594025697031,4793,4.00996563602463,389,54.73863238266951,Winter,0,32868.5288340293
19502.55524007368,2897,1.0249510657868417,378,147.59753813664554,Fall,0,76903.07809600543
4084.8010103406687,5493,4.937206910682226,414,151.5446446459082,Spring,0,73945.4716352828
6525.977226478109,6215,2.667868807982794,307,175.0053966886984,Fall,1,87741.2851927541
4416.110525837291,3320,4.894075031920399,320,129.54353884095588,Fall,1,69056.53958261642
7564.607470770355,2263,2.47098723612255,148,124.73250747421896,Fall,0,25991.78892604484
10121.156868594357,8122,2.1727491622936856,331,97.59841564330247,Spring,1,54493.60007950135
17899.510267501464,5426,1.798691335720788,364,106.77080372246468,Spring,1,65019.20432772387
5181.973354837221,6198,4.456230767170602,118,93.85078647311524,Summer,0,42203.24836159274
12834.986611529295,4487,3.362290774506969,375,38.56886569326674,Summer,1,44757.89806956278
3118.4250886755963,5921,4.879644103797078,330,164.653017926562,Spring,0,81224.64248632485
9720.427343459298,4198,4.9483396139445945,511,144.41969850562742,Winter,0,77848.31119682784
7124.337222885744,3057,1.7407280052085814,441,104.664335022702,Spring,1,66147.47680325166
7013.514163618522,7852,4.823128214304071,450,115.79651348038712,Spring,1,77291.59427426153
10169.10059252992,9976,1.1861539455167347,381,182.3288827544647,Winter,0,80540.30297309053
14866.725075056083,8391,1.111454896492423,364,179.20459306294336,Summer,0,82466.05348217598
2314.4705170554007,5283,4.775458309314208,181,60.44419812911637,Summer,0,12062.62945748672
17704.293416060686,8666,4.849586949799974,266,174.33161375777215,Fall,0,67648.19871815709
14961.46171798066,5711,1.5889906906879587,482,116.65562037243149,Spring,0,68756.64643995238
18844.05727266004,5932,2.97637011195273,254,82.95223219799989,Summer,1,52507.220884709786
10619.932256444385,4811,4.441124946073218,158,146.78077579668803,Summer,1,28772.282452847838
19996.36298422234,3033,3.511668972784676,445,181.8837647684109,Fall,1,83239.72513921751
11163.255769280826,6604,2.940387381725164,454,133.64104376328805,Summer,0,85764.92017264028
6514.71280863864,1306,3.593654808967313,258,145.28191739583335,Winter,1,42144.81460394847
6779.297590395685,6208,3.941637440103434,249,76.95009106720231,Spring,1,35237.043039456
12230.242235845812,1740,3.951525135669205,427,158.6289013232553,Summer,1,80334.69500742837
18512.662270545832,757,1.0069513071386895,393,47.56581334750484,Winter,0,22092.581440288515
16300.013256004326,1322,1.3996322949202424,28,70.74507096692558,Fall,0,13681.35415233445
11624.301859932342,4607,1.2447897884141672,360,115.46544585619355,Winter,0,50633.97224355974
18523.671569681508,5173,2.531958809470868,320,74.78411238344046,Fall,1,30409.731686364463
10354.8667271268,7838,2.558267393888769,234,43.27147032497849,Winter,0,45795.931161572735
5062.871589230144,6738,3.825405122134633,321,126.44436405793998,Summer,1,84864.11058084317
7133.761213413663,5048,1.0078485783895288,316,141.2304277286411,Winter,0,41477.33934272161
5361.781449147046,7559,2.141344098501655,380,153.35051960786603,Winter,0,77814.75049294435
15000.210071934926,5801,4.607364679200299,244,38.03337012756754,Winter,1,36219.625878814346
2855.850981506758,4980,2.406038324472884,333,175.7361801509415,Winter,0,63510.42886838751
18829.82841219333,3395,4.698020844274934,459,180.65820219285283,Spring,0,79612.96352337161
5344.2844686759645,5386,2.40429494393112,420,44.04370827281096,Summer,0,36378.24144443813
